<root>
	<championnat>
		<journees>
			<journee num="1">
				<date>2013-08-10</date>
				<rencontre>
					<clubReceveur>GB</clubReceveur>
					<clubInvite>ASMFC</clubInvite>
				</rencontre>
				<rencontre><clubReceveur>ETGFC</clubReceveur><clubInvite>FCSM</clubInvite></rencontre><rencontre><clubReceveur>EAG</clubReceveur><clubInvite>OM</clubInvite></rencontre><rencontre><clubReceveur>LOSC</clubReceveur><clubInvite>FCL</clubInvite></rencontre><rencontre><clubReceveur>OL</clubReceveur><clubInvite>OGCN</clubInvite></rencontre><rencontre><clubReceveur>MHSC</clubReceveur><clubInvite>PSG</clubInvite></rencontre><rencontre><clubReceveur>FCN</clubReceveur><clubInvite>SCB</clubInvite></rencontre><rencontre><clubReceveur>SRFC</clubReceveur><clubInvite>SR</clubInvite></rencontre><rencontre><clubReceveur>VAFC</clubReceveur><clubInvite>TFC</clubInvite></rencontre></journee><journee num="2"><date>2013-08-17</date><rencontre><clubReceveur>SCB</clubReceveur><clubInvite>VAFC</clubInvite></rencontre><rencontre><clubReceveur>FCL</clubReceveur><clubInvite>FCN</clubInvite></rencontre><rencontre><clubReceveur>OM</clubReceveur><clubInvite>ETGFC</clubInvite></rencontre><rencontre><clubReceveur>ASMFC</clubReceveur><clubInvite>MHSC</clubInvite></rencontre><rencontre><clubReceveur>OGCN</clubReceveur><clubInvite>SRFC</clubInvite></rencontre><rencontre><clubReceveur>PSG</clubReceveur><clubInvite>ACA</clubInvite></rencontre><rencontre><clubReceveur>SR</clubReceveur><clubInvite>LOSC</clubInvite></rencontre><rencontre><clubReceveur>ASSE</clubReceveur><clubInvite>EAG</clubInvite></rencontre><rencontre><clubReceveur>FCSM</clubReceveur><clubInvite>OL</clubInvite></rencontre><rencontre><clubReceveur>TFC</clubReceveur><clubInvite>GB</clubInvite></rencontre></journee><journee num="3"><date>2013-08-24</date><rencontre><clubReceveur>ACA</clubReceveur><clubInvite>OGCN</clubInvite></rencontre><rencontre><clubReceveur>GB</clubReceveur><clubInvite>SCB</clubInvite></rencontre><rencontre><clubReceveur>ETGFC</clubReceveur><clubInvite>SRFC</clubInvite></rencontre><rencontre><clubReceveur>EAG</clubReceveur><clubInvite>FCL</clubInvite></rencontre><rencontre><clubReceveur>LOSC</clubReceveur><clubInvite>ASSE</clubInvite></rencontre><rencontre><clubReceveur>OL</clubReceveur><clubInvite>SR</clubInvite></rencontre><rencontre><clubReceveur>ASMFC</clubReceveur><clubInvite>TFC</clubInvite></rencontre><rencontre><clubReceveur>MHSC</clubReceveur><clubInvite>FCSM</clubInvite></rencontre><rencontre><clubReceveur>FCN</clubReceveur><clubInvite>PSG</clubInvite></rencontre><rencontre><clubReceveur>VAFC</clubReceveur><clubInvite>OM</clubInvite></rencontre></journee><journee num="4"><date>2013-08-31</date><rencontre><clubReceveur>SCB</clubReceveur><clubInvite>TFC</clubInvite></rencontre><rencontre><clubReceveur>ETGFC</clubReceveur><clubInvite>OL</clubInvite></rencontre><rencontre><clubReceveur>FCL</clubReceveur><clubInvite>VAFC</clubInvite></rencontre><rencontre><clubReceveur>OM</clubReceveur><clubInvite>ASMFC</clubInvite></rencontre><rencontre><clubReceveur>OGCN</clubReceveur><clubInvite>MHSC</clubInvite></rencontre><rencontre><clubReceveur>PSG</clubReceveur><clubInvite>EAG</clubInvite></rencontre><rencontre><clubReceveur>SR</clubReceveur><clubInvite>FCN</clubInvite></rencontre><rencontre><clubReceveur>SRFC</clubReceveur><clubInvite>LOSC</clubInvite></rencontre><rencontre><clubReceveur>ASSE</clubReceveur><clubInvite>GB</clubInvite></rencontre><rencontre><clubReceveur>FCSM</clubReceveur><clubInvite>ACA</clubInvite></rencontre></journee><journee num="5"><date>2013-09-14</date><rencontre><clubReceveur>ACA</clubReceveur><clubInvite>ETGFC</clubInvite></rencontre><rencontre><clubReceveur>GB</clubReceveur><clubInvite>PSG</clubInvite></rencontre><rencontre><clubReceveur>EAG</clubReceveur><clubInvite>SCB</clubInvite></rencontre><rencontre><clubReceveur>LOSC</clubReceveur><clubInvite>OGCN</clubInvite></rencontre><rencontre><clubReceveur>OL</clubReceveur><clubInvite>SRFC</clubInvite></rencontre><rencontre><clubReceveur>ASMFC</clubReceveur><clubInvite>FCL</clubInvite></rencontre><rencontre><clubReceveur>MHSC</clubReceveur><clubInvite>SR</clubInvite></rencontre><rencontre><clubReceveur>FCN</clubReceveur><clubInvite>FCSM</clubInvite></rencontre><rencontre><clubReceveur>TFC</clubReceveur><clubInvite>OM</clubInvite></rencontre><rencontre><clubReceveur>VAFC</clubReceveur><clubInvite>ASSE</clubInvite></rencontre></journee><journee num="6"><date>2013-09-21</date><rencontre><clubReceveur>SCB</clubReceveur><clubInvite>OM</clubInvite></rencontre><rencontre><clubReceveur>ETGFC</clubReceveur><clubInvite>MHSC</clubInvite></rencontre><rencontre><clubReceveur>FCL</clubReceveur><clubInvite>GB</clubInvite></rencontre><rencontre><clubReceveur>OL</clubReceveur><clubInvite>FCN</clubInvite></rencontre><rencontre><clubReceveur>OGCN</clubReceveur><clubInvite>VAFC</clubInvite></rencontre><rencontre><clubReceveur>PSG</clubReceveur><clubInvite>ASMFC</clubInvite></rencontre><rencontre><clubReceveur>SR</clubReceveur><clubInvite>EAG</clubInvite></rencontre><rencontre><clubReceveur>SRFC</clubReceveur><clubInvite>ACA</clubInvite></rencontre><rencontre><clubReceveur>ASSE</clubReceveur><clubInvite>TFC</clubInvite></rencontre><rencontre><clubReceveur>FCSM</clubReceveur><clubInvite>LOSC</clubInvite></rencontre></journee><journee num="7"><date>2013-09-25</date><rencontre><clubReceveur>ACA</clubReceveur><clubInvite>OL</clubInvite></rencontre><rencontre><clubReceveur>GB</clubReceveur><clubInvite>SR</clubInvite></rencontre><rencontre><clubReceveur>EAG</clubReceveur><clubInvite>FCSM</clubInvite></rencontre><rencontre><clubReceveur>LOSC</clubReceveur><clubInvite>ETGFC</clubInvite></rencontre><rencontre><clubReceveur>OM</clubReceveur><clubInvite>ASSE</clubInvite></rencontre><rencontre><clubReceveur>ASMFC</clubReceveur><clubInvite>SCB</clubInvite></rencontre><rencontre><clubReceveur>MHSC</clubReceveur><clubInvite>SRFC</clubInvite></rencontre><rencontre><clubReceveur>FCN</clubReceveur><clubInvite>OGCN</clubInvite></rencontre><rencontre><clubReceveur>TFC</clubReceveur><clubInvite>FCL</clubInvite></rencontre><rencontre><clubReceveur>VAFC</clubReceveur><clubInvite>PSG</clubInvite></rencontre></journee><journee num="8"><date>2013-09-28</date><rencontre><clubReceveur>ACA</clubReceveur><clubInvite>MHSC</clubInvite></rencontre><rencontre><clubReceveur>ETGFC</clubReceveur><clubInvite>GB</clubInvite></rencontre><rencontre><clubReceveur>FCL</clubReceveur><clubInvite>OM</clubInvite></rencontre><rencontre><clubReceveur>OL</clubReceveur><clubInvite>LOSC</clubInvite></rencontre><rencontre><clubReceveur>OGCN</clubReceveur><clubInvite>EAG</clubInvite></rencontre><rencontre><clubReceveur>PSG</clubReceveur><clubInvite>TFC</clubInvite></rencontre><rencontre><clubReceveur>SR</clubReceveur><clubInvite>ASMFC</clubInvite></rencontre><rencontre><clubReceveur>SRFC</clubReceveur><clubInvite>FCN</clubInvite></rencontre><rencontre><clubReceveur>ASSE</clubReceveur><clubInvite>SCB</clubInvite></rencontre><rencontre><clubReceveur>FCSM</clubReceveur><clubInvite>VAFC</clubInvite></rencontre></journee><journee num="9"><date>2013-10-05</date><rencontre><clubReceveur>SCB</clubReceveur><clubInvite>FCL</clubInvite></rencontre><rencontre><clubReceveur>GB</clubReceveur><clubInvite>FCSM</clubInvite></rencontre><rencontre><clubReceveur>EAG</clubReceveur><clubInvite>SRFC</clubInvite></rencontre><rencontre><clubReceveur>LOSC</clubReceveur><clubInvite>ACA</clubInvite></rencontre><rencontre><clubReceveur>OM</clubReceveur><clubInvite>PSG</clubInvite></rencontre><rencontre><clubReceveur>ASMFC</clubReceveur><clubInvite>ASSE</clubInvite></rencontre><rencontre><clubReceveur>MHSC</clubReceveur><clubInvite>OL</clubInvite></rencontre><rencontre><clubReceveur>FCN</clubReceveur><clubInvite>ETGFC</clubInvite></rencontre><rencontre><clubReceveur>TFC</clubReceveur><clubInvite>OGCN</clubInvite></rencontre><rencontre><clubReceveur>VAFC</clubReceveur><clubInvite>SR</clubInvite></rencontre></journee><journee num="10"><date>2013-10-19</date><rencontre><clubReceveur>ACA</clubReceveur><clubInvite>FCN</clubInvite></rencontre><rencontre><clubReceveur>ETGFC</clubReceveur><clubInvite>EAG</clubInvite></rencontre><rencontre><clubReceveur>OL</clubReceveur><clubInvite>GB</clubInvite></rencontre><rencontre><clubReceveur>MHSC</clubReceveur><clubInvite>LOSC</clubInvite></rencontre><rencontre><clubReceveur>OGCN</clubReceveur><clubInvite>OM</clubInvite></rencontre><rencontre><clubReceveur>PSG</clubReceveur><clubInvite>SCB</clubInvite></rencontre><rencontre><clubReceveur>SR</clubReceveur><clubInvite>TFC</clubInvite></rencontre><rencontre><clubReceveur>SRFC</clubReceveur><clubInvite>VAFC</clubInvite></rencontre><rencontre><clubReceveur>ASSE</clubReceveur><clubInvite>FCL</clubInvite></rencontre><rencontre><clubReceveur>FCSM</clubReceveur><clubInvite>ASMFC</clubInvite></rencontre></journee><journee num="11"><date>2013-10-26</date><rencontre><clubReceveur>SCB</clubReceveur><clubInvite>OGCN</clubInvite></rencontre><rencontre><clubReceveur>GB</clubReceveur><clubInvite>MHSC</clubInvite></rencontre><rencontre><clubReceveur>EAG</clubReceveur><clubInvite>ACA</clubInvite></rencontre><rencontre><clubReceveur>FCL</clubReceveur><clubInvite>FCSM</clubInvite></rencontre><rencontre><clubReceveur>OM</clubReceveur><clubInvite>SR</clubInvite></rencontre><rencontre><clubReceveur>ASMFC</clubReceveur><clubInvite>OL</clubInvite></rencontre><rencontre><clubReceveur>FCN</clubReceveur><clubInvite>LOSC</clubInvite></rencontre><rencontre><clubReceveur>ASSE</clubReceveur><clubInvite>PSG</clubInvite></rencontre><rencontre><clubReceveur>TFC</clubReceveur><clubInvite>SRFC</clubInvite></rencontre><rencontre><clubReceveur>VAFC</clubReceveur><clubInvite>ETGFC</clubInvite></rencontre></journee><journee num="12"><date>2013-11-02</date><rencontre><clubReceveur>ACA</clubReceveur><clubInvite>VAFC</clubInvite></rencontre><rencontre><clubReceveur>ETGFC</clubReceveur><clubInvite>TFC</clubInvite></rencontre><rencontre><clubReceveur>LOSC</clubReceveur><clubInvite>ASMFC</clubInvite></rencontre><rencontre><clubReceveur>OL</clubReceveur><clubInvite>EAG</clubInvite></rencontre><rencontre><clubReceveur>MHSC</clubReceveur><clubInvite>FCN</clubInvite></rencontre><rencontre><clubReceveur>OGCN</clubReceveur><clubInvite>GB</clubInvite></rencontre><rencontre><clubReceveur>PSG</clubReceveur><clubInvite>FCL</clubInvite></rencontre><rencontre><clubReceveur>SR</clubReceveur><clubInvite>SCB</clubInvite></rencontre><rencontre><clubReceveur>SRFC</clubReceveur><clubInvite>OM</clubInvite></rencontre><rencontre><clubReceveur>FCSM</clubReceveur><clubInvite>ASSE</clubInvite></rencontre></journee><journee num="13"><date>2013-11-09</date><rencontre><clubReceveur>SCB</clubReceveur><clubInvite>SRFC</clubInvite></rencontre><rencontre><clubReceveur>GB</clubReceveur><clubInvite>FCN</clubInvite></rencontre><rencontre><clubReceveur>EAG</clubReceveur><clubInvite>LOSC</clubInvite></rencontre><rencontre><clubReceveur>FCL</clubReceveur><clubInvite>SR</clubInvite></rencontre><rencontre><clubReceveur>OM</clubReceveur><clubInvite>FCSM</clubInvite></rencontre><rencontre><clubReceveur>ASMFC</clubReceveur><clubInvite>ETGFC</clubInvite></rencontre><rencontre><clubReceveur>PSG</clubReceveur><clubInvite>OGCN</clubInvite></rencontre><rencontre><clubReceveur>ASSE</clubReceveur><clubInvite>OL</clubInvite></rencontre><rencontre><clubReceveur>TFC</clubReceveur><clubInvite>ACA</clubInvite></rencontre><rencontre><clubReceveur>VAFC</clubReceveur><clubInvite>MHSC</clubInvite></rencontre></journee><journee num="14"><date>2013-11-23</date><rencontre><clubReceveur>ACA</clubReceveur><clubInvite>OM</clubInvite></rencontre><rencontre><clubReceveur>ETGFC</clubReceveur><clubInvite>FCL</clubInvite></rencontre><rencontre><clubReceveur>LOSC</clubReceveur><clubInvite>TFC</clubInvite></rencontre><rencontre><clubReceveur>OL</clubReceveur><clubInvite>VAFC</clubInvite></rencontre><rencontre><clubReceveur>MHSC</clubReceveur><clubInvite>EAG</clubInvite></rencontre><rencontre><clubReceveur>FCN</clubReceveur><clubInvite>ASMFC</clubInvite></rencontre><rencontre><clubReceveur>OGCN</clubReceveur><clubInvite>ASSE</clubInvite></rencontre><rencontre><clubReceveur>SR</clubReceveur><clubInvite>PSG</clubInvite></rencontre><rencontre><clubReceveur>SRFC</clubReceveur><clubInvite>GB</clubInvite></rencontre><rencontre><clubReceveur>FCSM</clubReceveur><clubInvite>SCB</clubInvite></rencontre></journee><journee num="15"><date>2013-11-30</date><rencontre><clubReceveur>SCB</clubReceveur><clubInvite>ETGFC</clubInvite></rencontre><rencontre><clubReceveur>GB</clubReceveur><clubInvite>ACA</clubInvite></rencontre><rencontre><clubReceveur>EAG</clubReceveur><clubInvite>FCN</clubInvite></rencontre><rencontre><clubReceveur>FCL</clubReceveur><clubInvite>OGCN</clubInvite></rencontre><rencontre><clubReceveur>OM</clubReceveur><clubInvite>MHSC</clubInvite></rencontre><rencontre><clubReceveur>ASMFC</clubReceveur><clubInvite>SRFC</clubInvite></rencontre><rencontre><clubReceveur>PSG</clubReceveur><clubInvite>OL</clubInvite></rencontre><rencontre><clubReceveur>ASSE</clubReceveur><clubInvite>SR</clubInvite></rencontre><rencontre><clubReceveur>TFC</clubReceveur><clubInvite>FCSM</clubInvite></rencontre><rencontre><clubReceveur>VAFC</clubReceveur><clubInvite>LOSC</clubInvite></rencontre></journee><journee num="16"><date>2013-12-04</date><rencontre><clubReceveur>ACA</clubReceveur><clubInvite>SCB</clubInvite></rencontre><rencontre><clubReceveur>ETGFC</clubReceveur><clubInvite>PSG</clubInvite></rencontre><rencontre><clubReceveur>EAG</clubReceveur><clubInvite>GB</clubInvite></rencontre><rencontre><clubReceveur>LOSC</clubReceveur><clubInvite>OM</clubInvite></rencontre><rencontre><clubReceveur>OL</clubReceveur><clubInvite>TFC</clubInvite></rencontre><rencontre><clubReceveur>MHSC</clubReceveur><clubInvite>FCL</clubInvite></rencontre><rencontre><clubReceveur>FCN</clubReceveur><clubInvite>VAFC</clubInvite></rencontre><rencontre><clubReceveur>OGCN</clubReceveur><clubInvite>ASMFC</clubInvite></rencontre><rencontre><clubReceveur>SRFC</clubReceveur><clubInvite>ASSE</clubInvite></rencontre><rencontre><clubReceveur>FCSM</clubReceveur><clubInvite>SR</clubInvite></rencontre></journee><journee num="17"><date>2013-12-07</date><rencontre><clubReceveur>SCB</clubReceveur><clubInvite>OL</clubInvite></rencontre><rencontre><clubReceveur>GB</clubReceveur><clubInvite>LOSC</clubInvite></rencontre><rencontre><clubReceveur>FCL</clubReceveur><clubInvite>SRFC</clubInvite></rencontre><rencontre><clubReceveur>OM</clubReceveur><clubInvite>FCN</clubInvite></rencontre><rencontre><clubReceveur>ASMFC</clubReceveur><clubInvite>ACA</clubInvite></rencontre><rencontre><clubReceveur>PSG</clubReceveur><clubInvite>FCSM</clubInvite></rencontre><rencontre><clubReceveur>SR</clubReceveur><clubInvite>OGCN</clubInvite></rencontre><rencontre><clubReceveur>ASSE</clubReceveur><clubInvite>ETGFC</clubInvite></rencontre><rencontre><clubReceveur>TFC</clubReceveur><clubInvite>MHSC</clubInvite></rencontre><rencontre><clubReceveur>VAFC</clubReceveur><clubInvite>EAG</clubInvite></rencontre></journee><journee num="18"><date>2013-12-14</date><rencontre><clubReceveur>ACA</clubReceveur><clubInvite>FCL</clubInvite></rencontre><rencontre><clubReceveur>GB</clubReceveur><clubInvite>VAFC</clubInvite></rencontre><rencontre><clubReceveur>ETGFC</clubReceveur><clubInvite>SR</clubInvite></rencontre><rencontre><clubReceveur>EAG</clubReceveur><clubInvite>ASMFC</clubInvite></rencontre><rencontre><clubReceveur>LOSC</clubReceveur><clubInvite>SCB</clubInvite></rencontre><rencontre><clubReceveur>OL</clubReceveur><clubInvite>OM</clubInvite></rencontre><rencontre><clubReceveur>MHSC</clubReceveur><clubInvite>ASSE</clubInvite></rencontre><rencontre><clubReceveur>FCN</clubReceveur><clubInvite>TFC</clubInvite></rencontre><rencontre><clubReceveur>OGCN</clubReceveur><clubInvite>FCSM</clubInvite></rencontre><rencontre><clubReceveur>SRFC</clubReceveur><clubInvite>PSG</clubInvite></rencontre></journee><journee num="19"><date>2013-12-21</date><rencontre><clubReceveur>SCB</clubReceveur><clubInvite>MHSC</clubInvite></rencontre><rencontre><clubReceveur>FCL</clubReceveur><clubInvite>OL</clubInvite></rencontre><rencontre><clubReceveur>OM</clubReceveur><clubInvite>GB</clubInvite></rencontre><rencontre><clubReceveur>ASMFC</clubReceveur><clubInvite>VAFC</clubInvite></rencontre><rencontre><clubReceveur>OGCN</clubReceveur><clubInvite>ETGFC</clubInvite></rencontre><rencontre><clubReceveur>PSG</clubReceveur><clubInvite>LOSC</clubInvite></rencontre><rencontre><clubReceveur>SR</clubReceveur><clubInvite>ACA</clubInvite></rencontre><rencontre><clubReceveur>ASSE</clubReceveur><clubInvite>FCN</clubInvite></rencontre><rencontre><clubReceveur>FCSM</clubReceveur><clubInvite>SRFC</clubInvite></rencontre><rencontre><clubReceveur>TFC</clubReceveur><clubInvite>EAG</clubInvite></rencontre></journee><journee num="20"><date>2014-01-11</date><rencontre><clubReceveur>ACA</clubReceveur><clubInvite>PSG</clubInvite></rencontre><rencontre><clubReceveur>GB</clubReceveur><clubInvite>TFC</clubInvite></rencontre><rencontre><clubReceveur>ETGFC</clubReceveur><clubInvite>OM</clubInvite></rencontre><rencontre><clubReceveur>EAG</clubReceveur><clubInvite>ASSE</clubInvite></rencontre><rencontre><clubReceveur>LOSC</clubReceveur><clubInvite>SR</clubInvite></rencontre><rencontre><clubReceveur>OL</clubReceveur><clubInvite>FCSM</clubInvite></rencontre><rencontre><clubReceveur>MHSC</clubReceveur><clubInvite>ASMFC</clubInvite></rencontre><rencontre><clubReceveur>FCN</clubReceveur><clubInvite>FCL</clubInvite></rencontre><rencontre><clubReceveur>SRFC</clubReceveur><clubInvite>OGCN</clubInvite></rencontre><rencontre><clubReceveur>VAFC</clubReceveur><clubInvite>SCB</clubInvite></rencontre></journee><journee num="21"><date>2014-01-18</date><rencontre><clubReceveur>SCB</clubReceveur><clubInvite>GB</clubInvite></rencontre><rencontre><clubReceveur>FCL</clubReceveur><clubInvite>EAG</clubInvite></rencontre><rencontre><clubReceveur>OGCN</clubReceveur><clubInvite>ACA</clubInvite></rencontre><rencontre><clubReceveur>PSG</clubReceveur><clubInvite>FCN</clubInvite></rencontre><rencontre><clubReceveur>SR</clubReceveur><clubInvite>OL</clubInvite></rencontre><rencontre><clubReceveur>SRFC</clubReceveur><clubInvite>ETGFC</clubInvite></rencontre><rencontre><clubReceveur>ASSE</clubReceveur><clubInvite>LOSC</clubInvite></rencontre><rencontre><clubReceveur>FCSM</clubReceveur><clubInvite>MHSC</clubInvite></rencontre><rencontre><clubReceveur>TFC</clubReceveur><clubInvite>ASMFC</clubInvite></rencontre></journee></journees></championnat></root>
