<root>
	<championnat>
		<clubs>
			<club id="LOSC">
				<nom>LOSC Lille Metropole</nom>
				<ville>Lille</ville>
				<rencontresReceveur>
					<rencontre>
						<clubInvite>FCL</clubInvite>
						<score>1 0</score>
					</rencontre>
					<rencontre>
						<clubInvite>ASSE</clubInvite>
						<score>1 0</score>
					</rencontre><rencontre><clubInvite>OGCN</clubInvite><score>0 2</score></rencontre><rencontre><clubInvite>ETGFC</clubInvite><score>3 0</score></rencontre><rencontre><clubInvite>ACA</clubInvite><score>3 0</score></rencontre><rencontre><clubInvite>ASMFC</clubInvite><score>2 0</score></rencontre><rencontre><clubInvite>TFC</clubInvite><score>1 0</score></rencontre><rencontre><clubInvite>OM</clubInvite><score>1 0</score></rencontre><rencontre><clubInvite>SCB</clubInvite><score>2 1</score></rencontre><rencontre><clubInvite>SR</clubInvite><score>1 2</score></rencontre></rencontresReceveur></club><club id="SRFC"><nom>Stade Rennais FC</nom><ville>Rennes</ville><rencontresReceveur><rencontre><clubInvite>SR</clubInvite><score>2 1</score></rencontre><rencontre><clubInvite>LOSC</clubInvite><score>0 0</score></rencontre><rencontre><clubInvite>ACA</clubInvite><score>2 0</score></rencontre><rencontre><clubInvite>FCN</clubInvite><score>1 3</score></rencontre><rencontre><clubInvite>VAFC</clubInvite><score>2 2</score></rencontre><rencontre><clubInvite>OM</clubInvite><score>1 1</score></rencontre><rencontre><clubInvite>GB</clubInvite><score>1 1</score></rencontre><rencontre><clubInvite>ASSE</clubInvite><score>3 1</score></rencontre><rencontre><clubInvite>PSG</clubInvite><score>1 3</score></rencontre><rencontre><clubInvite>OGCN</clubInvite><score>0 0</score></rencontre><rencontre><clubInvite>ETGFC</clubInvite><score>0 0</score></rencontre></rencontresReceveur></club><club id="OL"><nom>Olympique Lyonnais</nom><ville>Lyon</ville><rencontresReceveur><rencontre><clubInvite>OGCN</clubInvite><score>4 0</score></rencontre><rencontre><clubInvite>SR</clubInvite><score>0 1</score></rencontre><rencontre><clubInvite>SRFC</clubInvite><score>0 0</score></rencontre><rencontre><clubInvite>FCN</clubInvite><score>3 1</score></rencontre><rencontre><clubInvite>LOSC</clubInvite><score>0 0</score></rencontre><rencontre><clubInvite>GB</clubInvite><score>1 1</score></rencontre><rencontre><clubInvite>EAG</clubInvite><score>2 0</score></rencontre><rencontre><clubInvite>VAFC</clubInvite><score>1 1</score></rencontre><rencontre><clubInvite>TFC</clubInvite><score>1 1</score></rencontre><rencontre><clubInvite>OM</clubInvite><score>2 2</score></rencontre><rencontre><clubInvite>FCSM</clubInvite><score>2 0</score></rencontre></rencontresReceveur></club><club id="OM"><nom>Olympique de Marseille</nom><ville>Marseille</ville><rencontresReceveur><rencontre><clubInvite>ETGFC</clubInvite><score>2 0</score></rencontre><rencontre><clubInvite>ASMFC</clubInvite><score>1 2</score></rencontre><rencontre><clubInvite>ASSE</clubInvite><score>2 1</score></rencontre><rencontre><clubInvite>PSG</clubInvite><score>1 2</score></rencontre><rencontre><clubInvite>SR</clubInvite><score>2 3</score></rencontre><rencontre><clubInvite>FCSM</clubInvite><score>2 1</score></rencontre><rencontre><clubInvite>MHSC</clubInvite><score>2 0</score></rencontre><rencontre><clubInvite>FCN</clubInvite><score>0 1</score></rencontre><rencontre><clubInvite>GB</clubInvite><score>2 2</score></rencontre></rencontresReceveur></club><club id="PSG"><nom>Paris Saint-Germain</nom><ville>Paris</ville><rencontresReceveur><rencontre><clubInvite>ACA</clubInvite><score>1 1</score></rencontre><rencontre><clubInvite>EAG</clubInvite><score>2 0</score></rencontre><rencontre><clubInvite>ASMFC</clubInvite><score>1 1</score></rencontre><rencontre><clubInvite>TFC</clubInvite><score>2 0</score></rencontre><rencontre><clubInvite>SCB</clubInvite><score>4 0</score></rencontre><rencontre><clubInvite>FCL</clubInvite><score>4 0</score></rencontre><rencontre><clubInvite>OGCN</clubInvite><score>3 1</score></rencontre><rencontre><clubInvite>OL</clubInvite><score>4 0</score></rencontre><rencontre><clubInvite>FCSM</clubInvite><score>5 0</score></rencontre><rencontre><clubInvite>LOSC</clubInvite><score>2 2</score></rencontre><rencontre><clubInvite>FCN</clubInvite><score>5 0</score></rencontre></rencontresReceveur></club><club id="MHSC"><nom>Montpellier Herault SC</nom><ville>Montpellier</ville><rencontresReceveur><rencontre><clubInvite>PSG</clubInvite><score>1 1</score></rencontre><rencontre><clubInvite>FCSM</clubInvite><score>2 1</score></rencontre><rencontre><clubInvite>SR</clubInvite><score>0 0</score></rencontre><rencontre><clubInvite>SRFC</clubInvite><score>0 0</score></rencontre><rencontre><clubInvite>OL</clubInvite><score>5 1</score></rencontre><rencontre><clubInvite>LOSC</clubInvite><score>0 1</score></rencontre><rencontre><clubInvite>FCN</clubInvite><score>1 1</score></rencontre><rencontre><clubInvite>EAG</clubInvite><score>1 1</score></rencontre><rencontre><clubInvite>FCL</clubInvite><score>0 2</score></rencontre><rencontre><clubInvite>ASSE</clubInvite><score>0 1</score></rencontre><rencontre><clubInvite>ASMFC</clubInvite><score>1 1</score></rencontre></rencontresReceveur></club><club id="ASSE"><nom>AS Saint-Etienne</nom><ville>Saint Etienne</ville><rencontresReceveur><rencontre><clubInvite>EAG</clubInvite><score>1 0</score></rencontre><rencontre><clubInvite>GB</clubInvite><score>2 1</score></rencontre><rencontre><clubInvite>TFC</clubInvite><score>1 2</score></rencontre><rencontre><clubInvite>SCB</clubInvite><score>2 2</score></rencontre><rencontre><clubInvite>FCL</clubInvite><score>3 2</score></rencontre><rencontre><clubInvite>PSG</clubInvite><score>2 2</score></rencontre><rencontre><clubInvite>OL</clubInvite><score>1 2</score></rencontre><rencontre><clubInvite>SR</clubInvite><score>4 0</score></rencontre><rencontre><clubInvite>ETGFC</clubInvite><score>1 0</score></rencontre><rencontre><clubInvite>FCN</clubInvite><score>2 0</score></rencontre><rencontre><clubInvite>LOSC</clubInvite><score>2 0</score></rencontre></rencontresReceveur></club><club id="GB"><nom>Girondins de Bordeaux</nom><ville>Bordeaux</ville><rencontresReceveur><rencontre><clubInvite>ASMFC</clubInvite><score>0 2</score></rencontre><rencontre><clubInvite>SCB</clubInvite><score>1 0</score></rencontre><rencontre><clubInvite>PSG</clubInvite><score>0 2</score></rencontre><rencontre><clubInvite>SR</clubInvite><score>0 0</score></rencontre><rencontre><clubInvite>FCSM</clubInvite><score>4 1</score></rencontre><rencontre><clubInvite>MHSC</clubInvite><score>2 0</score></rencontre><rencontre><clubInvite>FCN</clubInvite><score>0 3</score></rencontre><rencontre><clubInvite>ACA</clubInvite><score>4 0</score></rencontre><rencontre><clubInvite>LOSC</clubInvite><score>1 0</score></rencontre><rencontre><clubInvite>VAFC</clubInvite><score>2 1</score></rencontre><rencontre><clubInvite>TFC</clubInvite><score>0 1</score></rencontre></rencontresReceveur></club><club id="FCL"><nom>FC Lorient</nom><ville>Lorient</ville><rencontresReceveur><rencontre><clubInvite>FCN</clubInvite><score>2 1</score></rencontre><rencontre><clubInvite>VAFC</clubInvite><score>1 0</score></rencontre><rencontre><clubInvite>GB</clubInvite><score>3 3</score></rencontre><rencontre><clubInvite>OM</clubInvite><score>0 2</score></rencontre><rencontre><clubInvite>FCSM</clubInvite><score>2 1</score></rencontre><rencontre><clubInvite>SR</clubInvite><score>0 0</score></rencontre><rencontre><clubInvite>OGCN</clubInvite><score>3 0</score></rencontre><rencontre><clubInvite>SRFC</clubInvite><score>2 0</score></rencontre><rencontre><clubInvite>OL</clubInvite><score>2 2</score></rencontre><rencontre><clubInvite>EAG</clubInvite><score>2 0</score></rencontre></rencontresReceveur></club><club id="ACA"><nom>AC Ajaccio</nom><ville>Ajaccio</ville><rencontresReceveur><rencontre><clubInvite>OGCN</clubInvite><score>0 0</score></rencontre><rencontre><clubInvite>ETGFC</clubInvite><score>2 3</score></rencontre><rencontre><clubInvite>OL</clubInvite><score>2 1</score></rencontre><rencontre><clubInvite>MHSC</clubInvite><score>1 1</score></rencontre><rencontre><clubInvite>FCN</clubInvite><score>0 1</score></rencontre><rencontre><clubInvite>VAFC</clubInvite><score>1 3</score></rencontre><rencontre><clubInvite>OM</clubInvite><score>1 3</score></rencontre><rencontre><clubInvite>SCB</clubInvite><score>1 1</score></rencontre><rencontre><clubInvite>FCL</clubInvite><score>1 2</score></rencontre><rencontre><clubInvite>PSG</clubInvite><score>1 2</score></rencontre></rencontresReceveur></club><club id="FCSM"><nom>FC de Sochaux Montb&#233;liard</nom><ville>Sochaux</ville><rencontresReceveur><rencontre><clubInvite>OL</clubInvite><score>1 3</score></rencontre><rencontre><clubInvite>ACA</clubInvite><score>0 0</score></rencontre><rencontre><clubInvite>LOSC</clubInvite><score>0 2</score></rencontre><rencontre><clubInvite>VAFC</clubInvite><score>2 0</score></rencontre><rencontre><clubInvite>ASMFC</clubInvite><score>2 2</score></rencontre><rencontre><clubInvite>ASSE</clubInvite><score>0 0</score></rencontre><rencontre><clubInvite>SCB</clubInvite><score>1 1</score></rencontre><rencontre><clubInvite>SR</clubInvite><score>0 2</score></rencontre><rencontre><clubInvite>SRFC</clubInvite><score>2 1</score></rencontre><rencontre><clubInvite>MHSC</clubInvite><score>0 2</score></rencontre></rencontresReceveur></club><club id="ASMFC"><nom>AS Monaco FC</nom><ville>Monaco</ville><rencontresReceveur><rencontre><clubInvite>MHSC</clubInvite><score>4 1</score></rencontre><rencontre><clubInvite>TFC</clubInvite><score>0 0</score></rencontre><rencontre><clubInvite>FCL</clubInvite><score>1 0</score></rencontre><rencontre><clubInvite>SCB</clubInvite><score>3 0</score></rencontre><rencontre><clubInvite>ASSE</clubInvite><score>2 1</score></rencontre><rencontre><clubInvite>OL</clubInvite><score>2 1</score></rencontre><rencontre><clubInvite>ETGFC</clubInvite><score>1 1</score></rencontre><rencontre><clubInvite>SRFC</clubInvite><score>2 0</score></rencontre><rencontre><clubInvite>ACA</clubInvite><score>1 0</score></rencontre><rencontre><clubInvite>VAFC</clubInvite><score>1 2</score></rencontre></rencontresReceveur></club><club id="OGCN"><nom>OGC Nice</nom><ville>Nice</ville><rencontresReceveur><rencontre><clubInvite>SRFC</clubInvite><score>2 1</score></rencontre><rencontre><clubInvite>MHSC</clubInvite><score>2 2</score></rencontre><rencontre><clubInvite>VAFC</clubInvite><score>4 0</score></rencontre><rencontre><clubInvite>EAG</clubInvite><score>1 0</score></rencontre><rencontre><clubInvite>OM</clubInvite><score>1 0</score></rencontre><rencontre><clubInvite>GB</clubInvite><score>1 2</score></rencontre><rencontre><clubInvite>ASSE</clubInvite><score>0 1</score></rencontre><rencontre><clubInvite>ASMFC</clubInvite><score>0 3</score></rencontre><rencontre><clubInvite>FCSM</clubInvite><score>1 0</score></rencontre><rencontre><clubInvite>ETGFC</clubInvite><score>3 1</score></rencontre><rencontre><clubInvite>ACA</clubInvite><score>2 0</score></rencontre></rencontresReceveur></club><club id="VAFC"><nom>Valenciennes FC</nom><ville>Valenciennes</ville><rencontresReceveur><rencontre><clubInvite>TFC</clubInvite><score>3 0</score></rencontre><rencontre><clubInvite>OM</clubInvite><score>0 1</score></rencontre><rencontre><clubInvite>ASSE</clubInvite><score>1 3</score></rencontre><rencontre><clubInvite>PSG</clubInvite><score>0 1</score></rencontre><rencontre><clubInvite>SR</clubInvite><score>1 1</score></rencontre><rencontre><clubInvite>ETGFC</clubInvite><score>0 1</score></rencontre><rencontre><clubInvite>MHSC</clubInvite><score>1 1</score></rencontre><rencontre><clubInvite>LOSC</clubInvite><score>0 1</score></rencontre><rencontre><clubInvite>EAG</clubInvite><score>1 1</score></rencontre><rencontre><clubInvite>SCB</clubInvite><score>3 2</score></rencontre></rencontresReceveur></club><club id="SR"><nom>Stade de Reims</nom><ville>Reims</ville><rencontresReceveur><rencontre><clubInvite>LOSC</clubInvite><score>2 1</score></rencontre><rencontre><clubInvite>FCN</clubInvite><score>0 0</score></rencontre><rencontre><clubInvite>EAG</clubInvite><score>1 1</score></rencontre><rencontre><clubInvite>ASMFC</clubInvite><score>1 1</score></rencontre><rencontre><clubInvite>TFC</clubInvite><score>1 2</score></rencontre><rencontre><clubInvite>SCB</clubInvite><score>4 2</score></rencontre><rencontre><clubInvite>PSG</clubInvite><score>0 3</score></rencontre><rencontre><clubInvite>OGCN</clubInvite><score>1 0</score></rencontre><rencontre><clubInvite>ACA</clubInvite><score>4 1</score></rencontre><rencontre><clubInvite>OL</clubInvite><score>0 2</score></rencontre></rencontresReceveur></club><club id="SCB"><nom>SC Bastia</nom><ville>Bastia</ville><rencontresReceveur><rencontre><clubInvite>VAFC</clubInvite><score>2 0</score></rencontre><rencontre><clubInvite>TFC</clubInvite><score>2 1</score></rencontre><rencontre><clubInvite>OM</clubInvite><score>0 0</score></rencontre><rencontre><clubInvite>FCL</clubInvite><score>4 1</score></rencontre><rencontre><clubInvite>OGCN</clubInvite><score>1 0</score></rencontre><rencontre><clubInvite>SRFC</clubInvite><score>1 0</score></rencontre><rencontre><clubInvite>ETGFC</clubInvite><score>2 0</score></rencontre><rencontre><clubInvite>OL</clubInvite><score>1 3</score></rencontre><rencontre><clubInvite>MHSC</clubInvite><score>0 0</score></rencontre><rencontre><clubInvite>GB</clubInvite><score>1 0</score></rencontre></rencontresReceveur></club><club id="ETGFC"><nom>Evian TG FC</nom><ville>Evian</ville><rencontresReceveur><rencontre><clubInvite>FCSM</clubInvite><score>1 1</score></rencontre><rencontre><clubInvite>SRFC</clubInvite><score>1 2</score></rencontre><rencontre><clubInvite>OL</clubInvite><score>2 1</score></rencontre><rencontre><clubInvite>MHSC</clubInvite><score>2 2</score></rencontre><rencontre><clubInvite>GB</clubInvite><score>1 1</score></rencontre><rencontre><clubInvite>EAG</clubInvite><score>1 2</score></rencontre><rencontre><clubInvite>TFC</clubInvite><score>2 1</score></rencontre><rencontre><clubInvite>FCL</clubInvite><score>0 4</score></rencontre><rencontre><clubInvite>PSG</clubInvite><score>2 0</score></rencontre><rencontre><clubInvite>SR</clubInvite><score>1 1</score></rencontre><rencontre><clubInvite>OM</clubInvite><score>1 2</score></rencontre></rencontresReceveur></club><club id="EAG"><nom>EA Guingamp</nom><ville>Guingamp</ville><rencontresReceveur><rencontre><clubInvite>OM</clubInvite><score>1 3</score></rencontre><rencontre><clubInvite>FCL</clubInvite><score>2 0</score></rencontre><rencontre><clubInvite>SCB</clubInvite><score>1 1</score></rencontre><rencontre><clubInvite>FCSM</clubInvite><score>5 1</score></rencontre><rencontre><clubInvite>SRFC</clubInvite><score>2 0</score></rencontre><rencontre><clubInvite>ACA</clubInvite><score>2 1</score></rencontre><rencontre><clubInvite>LOSC</clubInvite><score>0 0</score></rencontre><rencontre><clubInvite>FCN</clubInvite><score>1 0</score></rencontre><rencontre><clubInvite>GB</clubInvite><score>0 1</score></rencontre><rencontre><clubInvite>ASMFC</clubInvite><score>0 2</score></rencontre><rencontre><clubInvite>ASSE</clubInvite><score>0 0</score></rencontre></rencontresReceveur></club><club id="TFC"><nom>Toulouse FC</nom><ville>Toulouse</ville><rencontresReceveur><rencontre><clubInvite>GB</clubInvite><score>1 1</score></rencontre><rencontre><clubInvite>OM</clubInvite><score>1 1</score></rencontre><rencontre><clubInvite>FCL</clubInvite><score>1 0</score></rencontre><rencontre><clubInvite>OGCN</clubInvite><score>1 0</score></rencontre><rencontre><clubInvite>SRFC</clubInvite><score>0 5</score></rencontre><rencontre><clubInvite>ACA</clubInvite><score>1 1</score></rencontre><rencontre><clubInvite>FCSM</clubInvite><score>5 1</score></rencontre><rencontre><clubInvite>MHSC</clubInvite><score>1 1</score></rencontre><rencontre><clubInvite>EAG</clubInvite><score>0 0</score></rencontre><rencontre><clubInvite>ASMFC</clubInvite><score>0 2</score></rencontre></rencontresReceveur></club><club id="FCN"><nom>FC Nantes</nom><ville>Nantes</ville><rencontresReceveur><rencontre><clubInvite>SCB</clubInvite><score>2 0</score></rencontre><rencontre><clubInvite>PSG</clubInvite><score>1 2</score></rencontre><rencontre><clubInvite>FCSM</clubInvite><score>1 0</score></rencontre><rencontre><clubInvite>OGCN</clubInvite><score>2 0</score></rencontre><rencontre><clubInvite>ETGFC</clubInvite><score>3 0</score></rencontre><rencontre><clubInvite>LOSC</clubInvite><score>0 1</score></rencontre><rencontre><clubInvite>ASMFC</clubInvite><score>0 1</score></rencontre><rencontre><clubInvite>VAFC</clubInvite><score>2 1</score></rencontre><rencontre><clubInvite>TFC</clubInvite><score>1 2</score></rencontre><rencontre><clubInvite>FCL</clubInvite><score>1 0</score></rencontre></rencontresReceveur></club></clubs></championnat></root>
